Month,Day,Hour,Solar_Radiation,Cloud_Cover,Ozone_Level,Altitude,UV_Index,UV_Risk_Level
7,16,16,759.7641664,0.875883084,364.8943035,0.241742437,0.587353373,Low
4,4,20,654.3869052,0.539094553,229.2872513,0.441489753,1.203476364,Low
11,11,7,269.2222612,0.282472426,366.5859431,0.893931706,1.285756618,Low
8,24,14,419.8461118,0.425228185,308.0593064,0.269278502,1.272355916,Low
5,23,13,805.412606,0.03757109,368.9331818,2.732478794,6.068711767,High
7,9,17,598.8038627,0.127866801,286.2603413,0.01814113,2.496114434,Low
10,23,19,104.7066522,0.765546751,275.8080971,1.451580657,0.129226544,Low
3,3,6,784.891684,1.16E-05,383.0121465,0.369742374,5.195578828,Moderate
7,19,2,131.7802194,0.416565828,250.2338535,0.923037268,0.350251753,Low
11,8,11,771.1604045,0.522510181,368.8424651,2.778178679,2.892460658,Low
11,5,20,282.2325041,0.05463442,296.8041145,0.48508366,1.383876651,Low
8,4,23,962.2661321,0.973078163,302.8190885,2.897496959,0.168630964,Low
5,24,2,431.1466762,0.226125331,261.6936563,0.617383131,1.545094716,Low
4,6,19,394.2384547,0.30419872,314.6084401,2.224698325,1.758334418,Low
8,2,13,233.9992453,0.303942512,265.0422393,1.640031795,0.837486036,Low
8,20,14,375.0437939,0.230416662,207.8538828,2.653436183,1.265182017,Low
3,28,13,888.9856856,0.001473822,254.3997211,1.661979767,4.389265861,Moderate
6,11,6,996.7009039,0.729344794,201.2758087,1.603677657,1.050067514,Low
5,4,16,431.4785775,0.9668455,395.6709574,0.586374001,0.099869271,Low
2,15,11,503.7495679,0.224293483,393.149442,0.498688086,2.688150458,Low
8,6,19,749.8638444,0.663047192,279.0310595,2.749467453,1.49811391,Low
12,22,3,897.5762024,0.741896327,345.6741709,0.983514597,1.465961367,Low
6,17,8,633.7399008,0.848425379,269.1612197,1.116246765,0.479023653,Low
2,24,5,452.3731284,0.422629197,334.2186314,2.279470975,1.78653151,Low
12,6,15,471.3596568,0.302930906,361.0860086,1.016470447,2.178362344,Low
5,19,21,726.0563318,0.325295134,389.3512489,2.85618734,4.086830949,Moderate
1,25,21,102.8964372,0.712621333,280.0424552,2.213783307,0.168568996,Low
12,2,20,657.6304037,0.816779467,356.6595966,1.792287728,0.844611047,Low
10,15,20,419.9437094,0.181613968,253.1856901,2.642685482,1.833481482,Low
6,11,1,814.7775981,0.370941008,398.0664608,0.148817725,3.451041994,Moderate
12,8,23,183.6915758,0.901940197,205.1539198,0.771188077,0.066339537,Low
9,26,7,629.3820403,0.80669352,320.7057613,1.395109003,0.741028233,Low
1,19,10,532.8756009,0.984858403,331.9011963,0.680935618,0.047672112,Low
11,13,12,678.0929733,0.75424826,337.6091114,2.231715562,1.146927928,Low
11,12,16,158.368235,0.393195201,224.0775158,2.757624093,0.457861277,Low
10,5,7,621.9854087,0.590637834,387.7059567,1.27131036,1.854443175,Low
12,6,20,605.3361292,0.661014254,236.2366558,1.0263978,0.890856441,Low
12,26,17,604.594085,0.078455816,324.5506806,2.884652196,3.883148776,Moderate
3,22,17,643.1388999,0.544496959,244.5352158,1.334557298,1.353289718,Low
12,4,13,708.8211435,0.709320828,261.4432834,1.467145201,1.029513694,Low
7,19,14,824.4900997,0.167321304,309.2917083,1.054949617,3.91234093,Moderate
4,20,5,342.8386481,0.780631717,283.4386837,2.728645419,0.452224065,Low
9,1,10,842.5444692,0.583772781,232.0451202,1.70686645,1.587761121,Low
3,20,12,548.430114,0.952221786,234.1872805,2.286523762,0.12565862,Low
5,17,0,169.3524512,0.042422298,283.6289576,2.435420155,0.953290562,Low
3,12,5,152.6958363,0.265326138,351.4565957,1.025547126,0.724506659,Low
7,15,8,400.8144868,0.601553879,379.5929294,1.301082994,1.141826035,Low
5,1,7,806.4072794,0.296559912,216.8255325,2.545415323,2.571732353,Low
9,26,10,736.9128413,0.714424164,278.6207815,1.089766055,1.083732809,Low
7,14,21,809.7534682,0.759005283,220.0491127,2.3818054,0.886161107,Low
2,6,18,565.5421508,0.102515964,203.3184961,2.822976968,2.205495683,Low
4,5,23,496.1790982,0.513854464,332.3437365,1.869631119,1.585908905,Low
9,11,8,232.707274,0.508890556,320.4898884,2.224881862,0.746270024,Low
12,4,16,395.3734782,0.36928077,232.6038228,2.415291936,1.200234592,Low
2,13,11,490.6174296,0.932924863,246.7625666,2.535118947,0.1696528,Low
10,11,13,179.7403867,0.82750632,204.7415507,1.185160014,0.118335704,Low
9,3,14,298.5507574,0.697209382,366.9894411,0.153790378,0.561424168,Low
10,1,15,638.4027647,0.714326636,394.9381192,1.205628814,1.345174246,Low
5,6,21,762.0968028,0.461716144,227.0919074,2.021268689,1.866475126,Low
2,18,21,998.5127603,0.920994521,246.2950428,1.351051157,0.36757954,Low
4,24,19,939.8019982,0.694595427,373.6819048,2.246889453,2.189215502,Low
12,10,0,678.3086796,0.728981062,385.2927596,1.070947288,1.306927193,Low
12,5,9,479.123248,0.861690904,283.9254766,1.904232423,0.37329528,Low
7,23,7,672.5596282,0.274071589,210.1244945,0.559259415,1.80544174,Low
12,10,17,807.0864563,0.807070904,207.8783667,2.24810831,0.660761686,Low
8,12,0,206.5025718,0.195240603,314.7899732,1.637087906,1.014624808,Low
3,2,1,468.9144007,0.345341952,278.5790218,0.612193166,1.512552253,Low
1,13,0,855.8220571,0.335610454,205.7304855,0.87573352,2.120372798,Low
4,8,0,445.4496567,0.978525468,316.6504785,2.245826126,0.061821468,Low
2,2,8,614.6850441,0.856537224,202.2605073,1.447803707,0.340309359,Low
8,20,12,628.9924248,0.701169862,357.4743916,0.648094321,1.192436842,Low
4,1,0,266.0286278,0.727056762,261.2865645,2.901813571,0.407959739,Low
2,5,12,426.0118975,0.562072794,208.0516006,2.145375059,0.785695735,Low
6,9,19,401.0601599,0.947090667,317.6704442,2.871404498,0.144608329,Low
6,17,21,123.5770377,0.496258753,279.5368829,1.281315136,0.327184629,Low
10,9,6,121.7725875,0.38051771,394.7600827,1.425301022,0.567058757,Low
4,11,1,848.5273393,0.163035337,308.8397325,2.693865649,4.640329038,Moderate
6,15,5,345.763729,0.786205652,255.0478362,1.575148021,0.363724536,Low
2,24,6,566.2708896,0.734443932,341.8877729,2.121836736,1.038678674,Low
10,6,13,368.8530162,0.384355039,254.2984005,0.756518632,1.035256058,Low
12,23,17,946.6113206,0.025193414,380.8486583,1.340179406,6.642189374,High
2,3,14,333.367083,0.838997328,274.9443941,0.370349597,0.25506027,Low
10,17,1,486.6911315,0.011417983,309.9737126,0.617940108,2.639246925,Low
4,5,9,885.4572254,0.70369978,210.1146208,0.002830246,0.919025332,Low
8,28,22,857.7402101,0.97025711,285.2242476,0.117795155,0.122704365,Low
7,12,11,267.4912761,0.437661328,366.4727079,2.93185147,1.188115518,Low
12,18,16,822.3789788,0.234973405,361.1297611,0.727061085,4.06201308,Moderate
9,14,7,512.3681981,0.70487101,244.8637118,1.989932129,0.739918592,Low
8,21,10,534.6719849,0.817128142,245.2158142,2.517299096,0.500198241,Low
5,24,2,220.1319752,0.546430316,363.4610624,1.651981378,0.704747547,Low
2,11,5,172.5413624,0.967035275,386.079684,0.4594335,0.038280406,Low
5,9,8,755.1453763,0.051668722,219.0721843,2.184349312,3.185876759,Moderate
8,2,5,546.8150371,0.504795598,290.0117279,1.80075423,1.544539507,Low
10,12,8,493.1656324,0.718453947,267.4908558,2.193751768,0.754809376,Low
9,3,6,756.5574058,0.862640471,374.1376911,2.309239869,0.797649552,Low
12,3,8,788.9616091,0.179255612,216.7049829,2.926231103,3.023105868,Moderate
12,1,17,243.0173509,0.800003482,242.2251885,1.72068984,0.229975167,Low
12,8,11,649.2026345,0.552707076,350.4936675,1.024923338,1.870151567,Low
9,22,7,221.818674,0.396553682,210.2587698,1.945393671,0.560325106,Low
1,28,7,776.2375774,0.131715029,298.5070761,0.205322128,3.42205547,Moderate
9,8,17,691.2596406,0.865295759,288.4214069,2.692191955,0.568113806,Low
7,11,19,960.953159,0.157273208,266.8802358,0.358143034,3.731093101,Moderate
9,9,14,162.0622147,0.309787859,278.9144631,0.983528514,0.57111824,Low
8,5,6,151.349249,0.290045532,305.9881174,2.447236142,0.682082657,Low
1,14,10,353.9683672,0.871414034,232.2734717,1.791937135,0.207774162,Low
12,28,19,335.5351154,0.672702994,314.3991757,1.180906561,0.643409067,Low
8,3,15,322.2809192,0.796681397,361.0864659,1.420306978,0.450349255,Low
8,21,3,915.6291225,0.250467899,352.032186,2.56364218,5.058904907,Moderate
11,5,5,324.5915799,0.6248741,230.7799809,1.020013158,0.516111215,Low
3,5,21,344.7547535,0.571745983,229.8498939,2.608949054,0.713154547,Low
1,19,2,783.4584362,0.832830377,253.6348735,0.264403293,0.56828311,Low
8,27,8,504.7658582,0.90608706,272.2149453,2.330395312,0.265187544,Low
3,14,9,799.0395013,0.012156771,281.6911163,2.542642899,4.648011939,Moderate
3,26,13,158.8295418,0.674019919,335.9394434,0.545452959,0.305701333,Low
1,4,10,538.8140743,0.051835799,211.3360864,1.291039597,2.031790036,Low
11,25,17,130.2522402,0.548858665,206.9345408,0.496499324,0.212727698,Low
5,13,21,156.3878831,0.287632729,278.3821126,2.119812387,0.626459547,Low
10,10,11,915.793708,0.3067766,339.4327384,1.606043304,4.168286232,Moderate
7,25,22,225.320834,0.352958503,238.6870686,1.90597004,0.69051944,Low
10,18,11,579.178614,0.621292449,328.3008963,0.589460901,1.270899331,Low
9,8,12,469.9860423,0.334049966,251.9656276,0.635237586,1.39786056,Low
12,8,12,412.6089936,0.732699051,377.2172218,0.124491977,0.702025187,Low
7,7,18,909.8500111,0.404527386,379.1379889,0.966202606,3.754342718,Moderate
9,8,18,119.6410571,0.0683532,259.4574409,1.679233984,0.562938274,Low
8,14,22,697.4107176,0.783759842,245.9987508,2.573804742,0.777451542,Low
12,19,13,967.0549908,0.285758325,282.2607944,2.000782342,3.899466791,Moderate
2,6,3,604.1513651,0.43276688,248.106317,1.30618897,1.602175749,Low
1,1,12,943.1402158,0.685443883,334.4767687,2.859360343,2.12671098,Low
7,23,7,147.0320914,0.332456157,365.2129369,2.157735602,0.726339272,Low
7,15,22,476.9139872,0.056585656,334.6184262,2.790495609,3.209434448,Moderate
8,1,20,334.1420119,0.373921047,364.8700894,1.58276392,1.473531434,Low
5,25,22,757.7388685,0.944448583,279.3984324,0.776712824,0.21123882,Low
3,17,18,983.1673814,0.641734397,231.2633941,0.158480059,1.379167302,Low
12,1,11,330.8770562,0.671479149,347.5901895,2.178254554,0.76688616,Low
8,15,17,688.7571413,0.632282154,272.094901,0.363908994,1.190346958,Low
6,23,5,278.2878695,0.198992139,334.254165,0.908325385,1.354611366,Low
11,2,17,608.7972291,0.418333864,254.1287884,1.597412724,1.739442896,Low
3,14,18,517.539238,0.750939798,216.245927,1.693249763,0.543224726,Low
1,21,21,974.8047967,0.101372898,398.5163591,1.801749591,6.866548142,High
3,8,4,647.6745454,0.277852776,231.2403016,0.498765991,1.892487883,Low
5,8,23,414.5557349,0.276319108,397.6841988,1.139212214,2.214989112,Low
3,19,8,202.6862064,0.432018928,395.4559865,1.851582681,0.899251793,Low
1,7,2,236.1221459,0.980368741,358.7636208,2.909456594,0.035780795,Low
5,19,9,302.785237,0.067502547,331.8845924,2.182893413,1.90269263,Low
10,6,18,325.8699952,0.518700994,315.5614101,2.767811271,1.053194132,Low
7,6,2,865.5544521,0.179364682,373.2203091,2.286636175,5.428647153,Moderate
7,3,21,605.1005095,0.970676545,257.8879043,1.775150907,0.089802589,Low
11,7,14,571.0518202,0.113303505,293.5362425,0.576070107,2.61990361,Low
9,19,0,203.2919847,0.403601002,323.8779939,2.000056956,0.7853634,Low
10,8,6,874.125724,0.737884985,282.2380952,1.870138698,1.279339993,Low
10,10,11,750.5328729,0.704554428,285.4972908,1.807407511,1.245811965,Low
12,20,16,160.9015257,0.422728637,266.0569335,1.469357604,0.472392072,Low
3,15,20,737.0515875,0.346524168,312.8463633,1.585969812,2.909642753,Extreme
7,15,23,589.1843956,0.397612379,370.1149056,1.003327581,2.408999129,Low
1,1,19,173.5528112,0.264276263,240.3056756,1.557938078,0.591070878,Low
4,20,4,512.4705774,0.205332939,386.8866078,0.592667717,2.781582488,Low
4,7,3,536.2266584,0.483039698,337.8175307,2.415523192,1.937766993,Low
5,27,11,249.1970861,0.268533756,364.6546425,0.557330864,1.169558307,Low
7,4,19,951.1283323,0.287461665,311.2381385,0.25489887,3.605124722,Moderate
7,6,23,864.9778343,0.656756063,355.9033403,1.308738079,1.991603183,Low
11,25,17,702.1201036,0.968537332,203.2400795,1.974922319,0.08960614,Low
4,1,16,516.0660049,0.603637201,363.676085,1.313150475,1.40263669,Low
7,5,18,470.5889874,0.076979467,208.0277718,0.830262396,1.631030821,Low
11,27,8,685.8761204,0.075583614,377.9826753,1.674513552,4.663078811,Moderate
3,23,3,590.8886825,0.951423221,398.3925494,1.041007006,0.210427759,Low
6,1,20,156.0457953,0.29729079,258.8134924,2.79860307,0.605377045,Low
12,4,1,561.2523839,0.092066986,242.0637113,2.767935419,2.624890077,Low
2,22,3,825.7632555,0.599044587,353.0726728,1.50711546,2.241976005,Low
10,2,1,513.3158898,0.623648778,250.6052682,0.983651982,0.886265305,Low
9,10,14,146.7609198,0.64850482,373.1124766,2.211397242,0.391727156,Low
5,5,1,807.6503794,0.267402028,220.5685184,0.11013883,2.199067239,Low
6,27,3,281.2274039,0.015110684,225.1910393,1.424307018,1.187612567,Low
12,10,5,332.7587514,0.965015369,395.830311,1.008970183,0.084549544,Low
12,1,6,248.2357181,0.250893046,334.7677797,2.761607655,1.324054587,Low
12,22,9,397.1935584,0.676026288,369.3774449,0.036009082,0.79504578,Low
12,6,18,781.0763551,0.70662987,264.8658755,1.658444627,1.179301245,Low
4,13,18,567.4472736,0.610007417,335.2967499,2.221990743,1.51147826,Low
11,15,21,284.3931467,0.312907394,318.8483655,1.455053963,1.189500107,Low
10,4,11,890.0470703,0.271096254,320.630024,0.25620909,3.555682388,Moderate
7,13,2,891.6236695,0.597668283,336.5064919,2.91738417,2.59885849,Low
12,24,12,883.5205825,0.866095634,315.0718346,1.554031294,0.717799714,Low
9,20,17,314.9165902,0.946733729,285.8124739,1.842558733,0.094628795,Low
7,24,7,506.1154098,0.105905804,255.1845389,0.709829348,2.061192218,Low
1,15,20,986.4906905,0.154828613,353.7162662,1.450494255,5.628151663,Moderate
1,8,14,794.8112287,0.944736259,245.254486,1.287448476,0.20265894,Low
9,5,0,124.4506791,0.736535228,338.4708612,0.224687526,0.189121065,Low
11,15,2,158.6841321,0.882993825,246.6665645,0.318481061,0.078762064,Low
9,4,7,517.5382391,0.202632634,325.066034,2.512417559,2.797450898,Low
4,12,3,918.2981853,0.587585871,349.4156534,0.719459857,2.36418398,Low
9,13,15,584.8316182,0.701139594,243.7427778,0.584874814,0.751563115,Low
3,2,22,548.0312572,0.680111885,211.9886602,1.514734354,0.713212155,Low
7,27,9,194.92633,0.408151691,226.1947486,2.306241394,0.535226508,Low
6,19,11,691.1020943,0.015394892,321.1993935,0.185839556,3.710432974,Moderate
8,19,13,839.8928445,0.582926057,369.8892812,1.730423759,2.533209666,Low
11,4,13,442.3780068,0.253101539,208.9993642,0.357631329,1.192090577,Low
9,4,1,798.0506658,0.450254246,346.8302518,0.109383152,2.563791632,Low
5,26,22,968.0289885,0.957581015,268.2637292,0.158231856,0.18649941,Low
1,11,4,283.3898132,0.399035318,295.705674,2.502492325,1.049393063,Low
3,27,4,570.9966681,0.839801607,385.77191,0.353917451,0.60894179,Low
10,5,5,358.4241623,0.188540606,266.3943009,0.135454093,1.30882313,Low
12,20,12,813.5689771,0.672460498,293.0673868,1.313699661,1.472580181,Low
8,11,8,619.8340293,0.977006954,202.736483,2.531980416,0.060349306,Low
11,10,21,671.1241758,0.101893101,216.319744,0.787225129,2.344150919,Low
6,8,14,818.1227437,0.008319942,251.7183182,1.265137853,3.834335652,Moderate
8,6,13,456.3734254,0.433582793,205.5704482,0.119767598,0.896265661,Low
9,6,23,923.5810616,0.092625483,326.2750652,1.347235542,5.171116258,Moderate
4,8,6,579.7259805,0.74838435,285.2796714,1.732839242,0.813735213,Low
1,23,19,242.1593406,0.914548664,309.6290405,1.712721161,0.12507437,Low
1,15,1,726.3092064,0.434020973,234.9294372,0.997280077,1.7700819,Low
10,26,6,813.9352154,0.258711642,259.1864059,0.946599542,2.853101473,Low
4,14,5,385.0855094,0.434403319,332.764895,0.319870857,1.246592602,Low
12,11,16,871.4613313,0.723447818,393.0605447,1.100394962,1.752555757,Low
7,12,1,915.5289293,0.009054162,210.0833547,0.298484007,3.271415314,Moderate
2,26,2,349.2140386,0.589453989,378.0768642,2.299787834,1.111168708,Low
3,13,4,985.1693254,0.613291685,315.3762403,2.898822893,2.582986833,Low
1,8,4,226.6403752,0.637688247,312.7839134,2.91022337,0.552645474,Low
5,18,0,281.8141016,0.24202208,300.055707,2.595213298,1.345474413,Low
1,25,7,265.8023553,0.714052723,213.8788172,1.802376448,0.319764889,Low
8,1,11,904.590739,0.091391486,217.9753703,2.102597092,3.613796461,Moderate
1,15,23,688.8632971,0.199270336,320.1824011,0.855617408,3.195359299,Moderate
11,8,3,236.8938549,0.877470047,268.1917143,1.892311261,0.154296629,Low
1,28,12,496.2910765,0.738723151,383.4536133,1.366948648,0.941982596,Low
2,11,22,653.7682226,0.013745554,281.3181075,1.446052019,3.460309406,Moderate
2,12,14,175.1176765,0.24837626,228.6562917,2.273329681,0.615637096,Low
12,12,10,894.1747316,0.214406483,342.9437667,0.845755067,4.354634805,Moderate
6,4,9,823.2431819,0.270806328,258.6706843,0.954118835,2.834943731,Low
7,16,2,554.6860962,0.24755977,305.0940615,2.773925373,2.710979078,Low
5,4,21,970.4139537,0.062526296,339.5665571,0.168672885,5.235450589,Moderate
1,5,13,475.9848813,0.458940517,380.0528222,1.456902895,1.868951863,Low
1,24,15,985.6992871,0.732733475,358.438239,2.738402401,2.004781557,Low
3,5,9,701.1279989,0.606731725,335.2722136,1.831089023,1.822876549,Low
2,8,9,671.2041459,0.672871669,335.9266365,1.639221223,1.430836146,Low
5,10,11,249.3594058,0.081149179,389.1849288,0.749232538,1.597544571,Low
12,17,8,893.7349825,0.95149071,259.1648195,1.029826467,0.206550928,Low
10,28,0,484.7407191,0.838491834,200.2224188,2.556145247,0.3280362,Low
6,26,4,246.0100652,0.805090318,254.3909119,1.677654395,0.237406304,Low
7,9,19,111.346768,0.822983805,243.5782759,1.544226581,0.092372513,Low
4,22,7,603.7801153,0.932710508,332.366917,0.298739141,0.23178037,Low
7,19,10,574.6596599,0.544253966,326.74232,0.048084469,1.433081946,Low
11,14,11,747.4182601,0.200282018,318.6922765,2.891055566,4.092694557,Moderate
8,8,0,901.2322477,0.616783608,203.2486886,1.130958502,1.302236508,Low
11,9,21,171.4659262,0.742881494,345.7556109,1.809639186,0.300030759,Low
1,22,19,758.3468413,0.737917393,264.7060825,0.23914522,0.897805899,Low
6,11,10,268.6707497,0.521449024,333.0111978,2.049342857,0.859843757,Low
8,23,4,872.3593478,0.068458719,311.3156857,2.797700126,5.396090276,Moderate
5,1,14,837.1571625,0.371112938,268.5461851,1.726995759,2.763338972,Low
4,14,4,586.7143795,0.920766608,226.9152534,0.378345967,0.182463316,Low
2,5,11,739.2185188,0.58444891,218.8837795,1.745164582,1.316190343,Low
6,21,4,382.9151019,0.538331943,366.3036666,2.299041639,1.327374923,Low
6,26,16,524.051109,0.268853514,383.6795084,1.21924961,2.748901677,Low
11,14,16,839.4732079,0.36844892,329.9576094,2.639513244,3.685127934,Moderate
1,4,23,513.3386775,0.895346089,220.686823,1.94604886,0.236052654,Low
9,22,11,422.0184388,0.666463048,280.4054434,2.697746755,0.835289907,Low
12,23,23,544.7912025,0.787387027,345.78784,1.870515934,0.792406279,Low
11,25,14,845.4243272,0.454345423,355.9641768,0.393863916,2.844622318,Low
6,1,14,401.6872426,0.630247219,223.6437245,0.929075133,0.605045959,Low
3,22,5,256.3854338,0.248383609,200.0061438,0.605384845,0.6812525,Low
4,23,11,740.8126183,0.70546083,342.4274092,2.726479493,1.58480919,Low
12,19,19,843.3803914,0.427601334,271.3192352,2.281200202,2.680971872,Low
11,8,17,190.5737307,0.442545515,250.8962663,2.029195107,0.534382179,Low
4,15,13,315.8867015,0.649322325,202.579494,0.902898959,0.407779774,Low
3,21,1,227.7747908,0.936280621,308.0598814,0.552134316,0.078632375,Low
10,15,8,413.1472704,0.064006347,370.2301471,2.269353264,2.927655638,Extreme
3,9,4,505.315881,0.824743237,391.5263293,1.422473838,0.660096799,Low
3,21,19,773.9437033,0.29238311,313.1489901,0.677368656,3.05190889,Moderate
4,9,0,686.0328264,0.443919455,302.8922655,1.849865934,2.282091055,Low
7,10,22,658.8357107,0.021913329,217.0112771,0.121001556,2.358897205,Low
4,20,2,417.1374519,0.301046078,309.7745603,0.978510762,1.652592057,Low
9,25,5,857.3027978,0.502631243,275.9958158,1.405670984,2.237097072,Low
1,21,4,524.1584507,0.056176077,321.4270562,0.443875002,2.767874654,Low
8,26,20,981.1944442,0.491095729,277.7452696,2.953963433,2.994258308,Extreme
7,9,4,670.7279245,0.927110629,248.0598247,0.627292094,0.214802035,Low
2,3,0,213.6382674,0.105393218,218.993055,0.39105939,0.724853353,Low
8,20,16,708.5598059,0.764440728,262.9836889,0.610604622,0.776237126,Low
1,25,18,392.5936139,0.409671053,219.3289669,2.307183399,1.042655228,Low
11,26,13,717.694477,0.655173715,235.3793902,1.276516978,1.094793295,Low
12,11,11,162.6770333,0.260236598,397.4672317,1.696247819,0.932428902,Low
9,6,9,257.3932935,0.159492263,288.8207114,0.063027471,1.047959946,Low
9,2,19,870.163533,0.160462614,306.3743533,0.103293926,3.768817122,Moderate
2,7,20,304.4616013,0.070491946,374.7237057,1.337476649,2.003835231,Low
7,18,17,853.3370127,0.185646705,399.1137801,2.44996573,5.755023079,Moderate
10,27,23,351.3484796,0.664219385,316.5428899,2.655716636,0.787701647,Low
3,2,10,678.5937191,0.881690612,362.4947642,0.260119703,0.497659111,Low
7,27,1,724.7355162,0.814125686,265.3882049,1.615089306,0.692072901,Low
12,17,17,561.3892778,0.68513431,261.1487915,2.739689059,0.98013309,Low
10,11,6,374.779609,0.110431863,280.5407442,1.163918263,1.740269524,Low
9,27,23,291.3799387,0.289187446,334.5014525,2.488697494,1.442044428,Low
4,12,14,129.8704191,0.309806875,336.4383379,0.401086963,0.522773815,Low
12,27,10,373.5517611,0.249956946,263.0478869,2.806183469,1.573041818,Low
1,19,17,687.8465115,0.51500566,226.6419848,2.254269953,1.544204335,Low
2,22,22,944.4743366,0.535553815,326.4792513,2.824003178,3.060930819,Moderate
1,24,11,884.084034,0.356885975,225.6651724,2.029851701,2.57249826,Low
12,25,5,789.4582989,0.353789159,315.6985016,1.090211796,2.976902047,Extreme
5,7,19,809.6026089,0.828555598,338.6844256,2.814543518,1.004019908,Low
5,20,22,698.4864131,0.789292848,340.1222993,0.826700329,0.90326922,Low
11,6,12,334.2581718,0.307795832,350.6944221,0.996517566,1.487130306,Low
7,21,19,916.4755276,0.913788444,374.5718843,2.102425254,0.596956508,Low
9,24,15,703.6590807,0.952815017,299.9917984,2.295948899,0.204120339,Low
9,1,17,604.3965679,0.326742542,346.0498379,2.788210452,3.001237311,Moderate
3,17,9,199.8905223,0.354424949,323.8345471,0.614407227,0.739276012,Low
3,11,22,502.3499894,0.505634153,237.327988,2.393994106,1.217485645,Low
3,22,7,514.3224441,0.941120813,205.137929,2.21563816,0.126476011,Low
4,26,17,878.1072486,0.876319433,256.9082771,0.191383669,0.473924354,Low
8,28,20,591.9833982,0.102567963,288.6067413,1.161669424,2.852301782,Low
6,18,0,442.3604941,0.392730743,323.4211889,0.848296371,1.570856054,Low
8,21,22,979.1202957,0.55337119,369.9918661,0.913471273,2.94297534,Extreme
1,17,7,199.648534,0.503132473,239.2491433,2.948840639,0.51219669,Low
8,7,5,480.2935855,0.193863068,225.109958,1.92833224,1.732761494,Low
4,17,4,137.8222077,0.858816771,392.6959895,2.153028473,0.154771875,Low
11,20,14,765.9137087,0.676940783,221.6089119,2.929852912,1.181657278,Low
1,9,21,926.268897,0.837908375,295.698214,1.131605347,0.823669358,Low
8,17,14,352.0335966,0.858764279,317.1127458,2.405520505,0.325991369,Low
4,20,1,872.5075091,0.748355854,308.2748842,1.30359289,1.275144512,Low
6,22,0,362.9964074,0.439210601,217.2064314,2.608601015,0.92915989,Low
8,22,22,919.6931455,0.610546755,211.4053828,0.541972624,1.330408317,Low
4,28,22,778.5657132,0.160365406,221.0966855,2.843058531,3.093748754,Moderate
3,8,10,824.4160992,0.673645417,317.1175368,0.656315125,1.515347522,Low
9,17,9,116.2059,0.179253256,308.8689775,0.978661521,0.539026086,Low
3,7,17,966.5293214,0.693949591,246.7481584,2.268576702,1.49246739,Low
9,1,17,754.0038929,0.229598161,327.5548284,1.181265425,3.545803067,Moderate
2,13,16,374.2759858,0.1175513,364.0135004,1.82463413,2.369383627,Low
2,23,7,846.4551984,0.16528449,208.315792,1.333720503,2.780263139,Low
2,19,14,353.3690786,0.001992135,299.6259887,2.227109811,2.153349631,Low
6,27,7,885.4784556,0.718739618,337.8620824,0.684993757,1.498473401,Low
3,24,16,201.3223514,0.732401049,250.4623854,0.175373962,0.228832677,Low
9,19,11,733.3173797,0.51493335,261.5541811,0.899788192,1.690136845,Low
4,17,7,586.628629,0.161362801,322.7275806,1.422925995,3.022731495,Moderate
1,13,13,186.8810232,0.083554338,379.5870587,0.504060157,1.138123185,Low
4,16,3,317.7044454,0.019128966,361.9848841,1.064391869,2.080184878,Low
1,8,0,111.1636326,0.165748177,316.6260438,1.199949055,0.548114544,Low
5,19,0,521.8911689,0.890855535,346.0443436,0.172175531,0.334176583,Low
4,18,18,371.1387347,0.241536842,272.964494,1.749921745,1.504737196,Low
8,1,15,638.5217359,0.354271327,328.1931056,2.653030284,2.853635555,Low
8,14,13,367.5140269,0.105345484,293.2363182,0.455228739,1.680077533,Low
7,19,20,369.9272004,0.222361305,237.9872273,1.79342404,1.345663404,Low
3,15,15,768.8738789,0.519224571,340.3476548,1.994217615,2.515016318,Low
1,18,4,143.3285524,0.607752683,311.2929275,1.258004041,0.328376523,Low
1,2,8,912.6054957,0.245352314,271.7243164,2.103292762,3.774923172,Moderate
12,22,1,867.037487,0.057732159,382.267838,1.23219463,5.84646527,Moderate
11,28,17,701.0242149,0.391032869,204.1868236,1.513911864,1.672731499,Low
3,17,5,633.8994131,0.234203371,263.1546302,0.022059134,2.133784354,Low
6,18,8,903.0722483,0.219553923,211.3762796,2.075160342,2.998218667,Extreme
7,6,0,266.7971616,0.959862803,353.3054632,1.984028037,0.07556665,Low
6,19,8,171.072246,0.616300486,340.4214908,0.115202632,0.376713438,Low
6,4,15,315.5591529,0.556878443,266.2704437,1.104750322,0.689103046,Low
6,1,12,815.1204508,0.415775104,335.1325804,2.937095522,3.441153413,Moderate
3,8,8,131.2032401,0.428944333,279.1874452,1.262209688,0.392637023,Low
6,23,20,624.5261516,0.540905004,351.2507583,1.505836215,1.931245104,Low
8,7,12,995.8937646,0.696429807,290.8367325,2.729790474,1.865483456,Low
11,3,8,870.1264845,0.702146096,282.4559456,2.151785628,1.482604296,Low
11,10,10,569.3011201,0.171693908,386.9459831,1.746210393,3.572150612,Moderate
2,10,3,157.2768184,0.500112752,250.17582,2.393414044,0.406276604,Low
5,19,1,848.2361629,0.411958095,224.089468,2.593098799,2.345999231,Low
1,14,5,639.0806574,0.870526966,316.9086227,1.370664215,0.496939636,Low
12,2,13,203.4396974,0.631418921,393.8643625,1.425325095,0.562383721,Low
1,28,3,184.4715563,0.532504066,275.5678427,1.158152807,0.441953767,Low
5,1,5,918.6641375,0.115394642,212.4073527,2.90011842,3.711233855,Moderate
12,23,18,702.2802366,0.605637889,267.8610535,2.091498763,1.495009964,Low
3,23,5,846.3581194,0.117203906,301.1863309,0.249669199,3.844221687,Moderate
4,28,1,891.0810103,0.337206576,232.3846013,2.58887887,2.87964221,Low
3,18,17,614.5951168,0.142841965,331.6204436,1.441679823,3.331423478,Moderate
1,7,12,565.7017166,0.692073647,399.5498778,0.206261719,1.183915775,Low
1,8,8,487.3846693,0.206252114,290.3478952,1.649151765,2.18080172,Low
12,1,22,385.251929,0.391859373,270.9457113,1.251492837,1.190392051,Low
12,25,18,491.1363648,0.895674778,280.1408334,2.633248215,0.302225848,Low
5,23,12,796.4916902,0.204316383,223.0292357,0.611983811,2.499935418,Low
6,3,10,641.7310879,0.507805064,376.6547203,2.479393828,2.474434,Low
3,24,0,903.270961,0.419271661,282.9651311,1.673066074,2.887737306,Low
12,23,23,499.0420129,0.018124041,277.4548823,0.16383091,2.302991251,Low
9,27,21,646.3806208,0.792758114,331.9380546,2.915535904,0.957159004,Low
5,8,6,668.1767978,0.069045906,288.4066842,1.537845732,3.449836047,Moderate
8,22,20,632.5274461,0.474255021,329.6466938,0.872630563,1.986491056,Low
1,25,14,732.3703958,0.560678295,212.289258,1.408220526,1.298697838,Low
5,15,0,313.6901215,0.628426457,362.7446687,2.573573351,0.886041644,Low
3,5,11,561.1273998,0.688631629,388.1007906,0.914709373,1.233506445,Low
12,3,6,193.8023225,0.253272384,329.7530772,0.578029189,0.841324543,Low
1,19,14,446.0601949,0.009978777,390.9131858,0.387213741,2.98858844,Extreme
4,1,20,538.9003618,0.723443662,230.2864629,0.893578195,0.623131641,Low
5,28,18,687.0018336,0.535656599,295.4832379,2.340144261,1.938648215,Low
7,15,0,955.4779473,0.836117703,320.3613468,1.414879096,0.954361445,Low
1,8,16,640.5859599,0.821388363,316.3473295,0.682444811,0.644422576,Low
3,2,16,769.2345246,0.843326168,280.2923558,0.498554999,0.591077959,Low
2,3,2,555.6394535,0.48509466,267.6168819,0.99818843,1.403472422,Low
9,24,11,670.6936282,0.333628396,225.3648045,2.819773119,2.152067279,Low
10,14,5,163.8389945,0.791558203,278.3484901,1.029080138,0.174734634,Low
6,24,10,328.9524228,0.451294113,232.532163,2.964372228,0.906892858,Low
10,14,2,425.6677839,0.183442196,346.8731353,1.455691367,2.301963515,Low
3,11,7,525.2440195,0.85497402,241.7661871,0.537491755,0.323436095,Low
8,16,13,141.083871,0.882559877,211.7130611,2.673420275,0.074094181,Low
8,4,13,226.0216878,0.466309756,310.4732276,1.381066119,0.710387367,Low
2,20,9,349.132877,0.075699727,319.0459465,2.129014031,2.081283819,Low
6,5,1,974.3794218,0.38782609,374.3826123,2.95113475,4.82031214,Moderate
7,22,13,398.2123064,0.803537659,315.3963225,0.150526051,0.417434093,Low
2,21,8,533.8369523,0.901774029,269.0961707,0.290083679,0.241997087,Low
11,14,2,276.4879415,0.203472742,360.6023763,2.161370224,1.609669373,Low
10,23,20,649.702064,0.066973612,308.0557786,0.84547501,3.375474727,Moderate
2,16,7,352.614894,0.877350453,215.8560569,0.552904191,0.164191846,Low
10,18,15,286.2933206,0.389404939,313.1701121,0.118085639,0.923191742,Low
1,7,1,564.9153656,0.541760964,381.6037091,0.065540136,1.657196059,Low
8,10,5,104.9552192,0.968065812,279.2625251,2.323456809,0.019224448,Low
1,7,20,106.8976294,0.066564728,259.2651604,0.403300282,0.448555645,Low
9,1,11,297.1619282,0.648318007,228.6938914,1.403161848,0.454225908,Low
11,23,4,133.0492263,0.074105423,230.2891044,1.817690446,0.558764291,Low
6,21,1,197.2231787,0.375468928,286.5542969,1.285055402,0.663852163,Low
7,19,15,404.9745844,0.803814545,319.1359648,0.081319957,0.42602636,Low
10,16,4,822.3271116,0.433472233,216.123081,2.350504508,2.072528007,Low
7,19,14,614.843779,0.997182354,387.9137178,0.031539674,0.011235767,Low
10,4,11,561.4009534,0.559059285,351.0267235,2.285669683,1.779266952,Low
3,28,3,364.1399409,0.321162153,317.3247837,2.679913481,1.657690305,Low
2,18,14,938.5783475,0.220111326,365.6877342,1.298519763,5.040618595,Moderate
9,2,10,457.3135371,0.350520534,216.0373514,1.606627419,1.241261026,Low
8,1,15,178.3834901,0.372533274,295.3677755,1.430950178,0.629853506,Low
12,15,22,655.3598645,0.068713678,326.0186254,1.167625856,3.70352331,Moderate
10,5,5,202.4545541,0.369574199,365.7305812,2.662273606,0.985106645,Low
7,20,13,410.7008285,0.46423852,356.693912,2.681800532,1.658908488,Low
9,11,17,556.6707448,0.722737752,255.4138499,1.007449094,0.72321765,Low
4,10,11,886.8002722,0.656729485,388.1760339,1.845209262,2.332826958,Low
4,2,10,544.1919223,0.708765655,224.8691683,2.780722686,0.759152026,Low
1,3,12,732.0328894,0.008363682,375.0267237,2.886175497,5.846797132,Moderate
8,23,20,993.5351551,0.2176674,394.1880499,1.526877121,5.886247705,Moderate
12,23,22,218.3402079,0.661684288,235.4307046,1.358474416,0.329221162,Low
3,12,10,347.258373,0.483989368,344.4132128,0.836082948,1.114582578,Low
7,20,22,455.118468,0.005313476,208.0571038,2.87661562,2.02136026,Low
12,5,15,479.6453607,0.804494642,281.084565,0.428442913,0.458125143,Low
2,5,14,469.9189677,0.772809573,303.2566598,1.739488728,0.633463043,Low
2,6,20,916.8499023,0.548419163,316.1290452,0.847650803,2.366369684,Low
7,9,14,742.62938,0.066463326,387.1874496,0.837024871,4.848234326,Moderate
6,2,3,647.1146927,0.76651505,334.4501375,1.214905762,0.944530335,Low
3,21,10,378.4354461,0.583713588,296.2555902,2.996378807,1.010931452,Low
9,12,18,841.4113458,0.781959977,361.9350073,0.164898921,1.124933857,Low
10,3,14,959.5544603,0.751746992,390.1065642,1.735625455,1.817617081,Low
6,20,3,839.0784543,0.803002072,204.4132297,0.247716474,0.577097348,Low
10,26,20,101.4085947,0.518008066,396.5042545,0.46356249,0.337979771,Low
10,22,12,672.7612332,0.140324518,217.2264278,1.318688825,2.370025557,Low
6,12,21,146.0218433,0.671157473,362.8773559,1.531380394,0.334885019,Low
1,24,18,331.8464983,0.620473785,256.0669505,0.776377225,0.579234049,Low
4,17,1,153.5722303,0.742253187,226.4359316,0.949371393,0.163564585,Low
10,10,13,643.4159077,0.169881006,287.9711279,0.260901061,2.630360913,Low
6,24,3,717.9309221,0.1949752,328.7913159,0.909659352,3.455192093,Moderate
6,27,15,203.0388743,0.890409517,276.190369,2.899675318,0.132125942,Low
11,14,20,445.4549947,0.749977798,210.9130817,2.834122145,0.502459247,Low
12,23,19,510.6128581,0.908228489,319.8922279,1.00463487,0.274933529,Low
5,17,13,432.1477196,0.758715321,380.4806552,1.712561809,0.774453234,Low
1,18,14,208.9225004,0.597155306,276.6430732,2.728786173,0.493944784,Low
8,19,2,477.0530112,0.654132737,243.2665555,0.018551468,0.670211982,Low
5,17,7,776.060243,0.889127924,288.5154692,2.432050711,0.514373091,Low
12,14,15,163.9068981,0.578806755,209.6725422,2.845108658,0.309889401,Low
12,9,9,172.1620127,0.632391324,364.0975169,0.273977203,0.394573712,Low
12,8,3,419.2941627,0.156476716,365.2681622,0.484343058,2.257447627,Low
5,2,17,947.5531405,0.47392122,317.6000927,2.882238908,3.39918717,Moderate
7,13,1,701.7153821,0.716397112,270.6205778,1.612620431,1.042344894,Low
4,25,16,710.802961,0.270942698,359.9566729,0.042589903,3.122163189,Moderate
6,7,12,425.7279918,0.202254181,310.937405,0.772895996,1.896054993,Low
4,9,3,634.2947121,0.313826808,365.1864617,1.349831023,3.006613836,Moderate
3,22,10,109.1180656,0.241500628,326.2917585,2.078726733,0.543660643,Low
7,22,6,672.4864418,0.214912637,356.8810946,2.199481134,3.831026635,Moderate
8,11,11,921.9582528,0.424850843,319.7125986,2.986264539,3.669310718,Moderate
4,14,9,651.3161215,0.907838514,282.8282136,0.862533598,0.307357567,Low
2,4,6,886.3287341,0.507059647,391.589172,1.614660306,3.311884156,Moderate
12,26,12,751.5757499,0.187920381,308.222765,1.599970644,3.636986774,Moderate
10,26,6,208.5025748,0.076971669,321.0179037,1.216935778,1.154991241,Low
3,13,23,912.2079766,0.696156145,244.0975279,0.507485682,1.184827868,Low
1,2,16,159.7994599,0.382798764,325.1301579,2.93236969,0.691172117,Low
8,23,9,580.5707253,0.821830947,314.3215299,2.55995156,0.680609881,Low
3,5,9,227.9234114,0.659510769,236.9676796,1.494999085,0.352321482,Low
12,11,23,110.5359497,0.796241451,211.9174195,1.809736268,0.093945286,Low
10,6,3,479.8308341,0.271946039,320.8718639,0.681783161,1.995610891,Low
7,18,19,365.5366369,0.692358922,352.7384539,1.631361211,0.768966349,Low
10,21,3,537.4004444,0.264061985,304.6802742,2.084910399,2.427033555,Low
5,10,21,619.4798981,0.939068479,245.3545251,1.545501085,0.178207034,Low
10,4,6,139.3651651,0.636374282,333.3043953,2.970855512,0.36514658,Low
5,9,21,210.7029656,0.3245118,216.0211453,1.834024969,0.60640938,Low
7,6,0,602.7781568,0.269511862,288.366741,1.112921138,2.351759057,Low
9,2,11,408.8506179,0.190926585,232.6733517,2.316456083,1.579915092,Low
12,17,23,756.2561388,0.694640959,236.8918102,0.511387535,0.958381762,Low
5,5,12,687.0624837,0.218715613,240.4587898,1.153547441,2.399428462,Low
1,25,9,861.0439267,0.595303266,277.3414114,1.040876851,1.778369676,Low
10,6,14,723.243544,0.264635027,210.2300411,1.295421285,2.104909672,Low
10,26,12,486.9379697,0.661968945,279.5586882,2.345339478,0.946792964,Low
1,12,22,705.6699602,0.814939729,302.3414894,1.452519096,0.753637235,Low
2,23,21,347.8430568,0.778025243,296.658857,2.382043351,0.472699689,Low
6,21,21,375.6821489,0.760851331,276.5568201,1.729466709,0.485735581,Low
9,10,20,810.0866439,0.187722406,367.8293216,1.026208304,4.447922734,Moderate
8,22,21,501.7775648,0.088384947,229.0653385,2.429936231,2.170699746,Low
5,21,8,818.5423065,0.698948828,301.1393488,0.714869012,1.325209606,Low
1,27,8,840.1801363,0.368347214,212.4082834,0.673148939,2.005227234,Low
7,25,14,871.8061039,0.432346226,214.2311358,1.513508772,2.034428685,Low
5,6,9,924.9717123,0.031149093,314.7731699,0.782547738,5.069361338,Moderate
6,27,23,487.8866985,0.259576449,313.203685,0.027261105,1.890850263,Low
7,8,9,386.9801365,0.033676404,375.6067026,1.944892582,2.796247376,Low
3,2,7,623.9788719,0.879185773,311.5747351,1.533281464,0.451493852,Low
12,12,23,434.0551811,0.243396683,391.9582041,1.336553443,2.432107314,Low
10,13,15,640.9667501,0.55733717,209.7389697,2.900905544,1.27954815,Low
3,25,16,735.0272764,0.038979321,219.601537,1.713597552,3.028381695,Moderate
5,21,4,719.5645166,0.666847391,208.8131723,2.590294733,1.050401892,Low
6,7,3,437.0975983,0.323027346,237.0553701,0.418350709,1.217999378,Low
9,10,17,250.1741815,0.897919187,308.2540222,1.707619389,0.1536076,Low
12,13,23,487.4764046,0.888118189,329.1144363,2.60393888,0.377063989,Low
5,17,18,228.3347297,0.325290618,209.1170316,1.749317272,0.630869466,Low
1,26,3,901.0873317,0.900960896,389.194178,2.154042534,0.703573421,Low
4,21,6,411.2897147,0.996157673,368.4330753,1.116130703,0.010787061,Low
5,28,9,239.0137725,0.825415664,259.3224964,0.277348551,0.185352407,Low
12,26,17,122.9029839,0.844871348,215.437506,1.373700885,0.077862136,Low
10,14,18,681.2401477,0.249008736,233.9774146,1.183438173,2.231172498,Low
10,2,3,673.2120857,0.576702399,225.3888828,2.601180547,1.348932399,Low
5,28,9,406.5437499,0.067255914,224.6567559,0.731985907,1.52376544,Low
7,22,0,164.5407,0.094917937,303.7123377,2.900202683,0.972453887,Low
4,11,22,468.6660054,0.998892612,249.1694885,2.874414359,0.002774817,Low
1,1,17,380.0957456,0.326639249,271.6279433,0.742894929,1.244759157,Low
5,19,4,709.4085758,0.748183912,397.9010667,1.044155866,1.308387201,Low
7,21,14,645.2013245,0.806665053,336.8628498,2.686667223,0.888495086,Low
10,4,16,428.1343554,0.858023271,389.7961334,2.899866663,0.509411498,Low
10,19,2,296.1032988,0.997628297,228.511311,1.330317309,0.003030414,Low
6,26,11,989.2323695,0.241496485,276.427895,0.962991137,3.789793928,Moderate
5,21,1,508.6014591,0.040350827,310.9463607,1.57828204,2.928656573,Extreme
4,11,0,719.4468122,0.411191518,215.3516124,2.063307619,1.834154984,Low
2,8,22,226.4976708,0.13008067,200.8374887,0.820423546,0.713642185,Low
4,11,20,537.0307297,0.022425889,334.0868668,2.209419524,3.569044794,Moderate
10,4,16,124.7830479,0.360426827,328.3639034,0.154972071,0.443535842,Low
10,17,21,554.9096061,0.783738251,282.157762,0.147883478,0.572688124,Low
3,27,15,967.6156664,0.566180691,297.9288152,1.158863115,2.32591039,Low
10,7,4,445.7860417,0.312777989,283.0886001,1.060419576,1.598697366,Low
1,8,14,135.0964113,0.654342005,204.801009,0.946899646,0.174486727,Low
8,3,2,127.8602118,0.23201818,267.0743212,1.473059288,0.501471758,Low
5,22,6,449.188084,0.014381446,235.4164511,0.962200747,1.904234398,Low
4,2,10,244.0224428,0.764353386,219.6848378,0.576773755,0.222686055,Low
8,23,9,121.0168867,0.623743085,391.3440868,0.928408647,0.324559943,Low
7,15,8,780.5922526,0.762302625,319.871945,2.924712818,1.278481435,Low
2,24,13,512.670708,0.038938017,345.7312568,1.233340251,3.189232717,Moderate
1,22,12,360.3202948,0.837119628,263.0727487,1.334138331,0.291655787,Low
12,22,1,910.0748647,0.6195262,278.6294259,1.72963497,1.886088653,Low
11,5,2,204.5250642,0.563395351,247.3847988,2.950022305,0.476790034,Low
4,24,6,960.3269461,0.624614048,219.3931342,0.724803829,1.413703295,Low
8,1,20,382.5700456,0.864433247,235.8063275,2.043846332,0.245489865,Low
12,26,17,899.5633051,0.586936507,359.5028091,2.147954081,2.704598013,Low
2,4,2,642.6485888,0.58095038,335.509161,1.82197325,1.780254591,Low
3,15,9,844.0366238,0.990679157,309.3857752,0.265735019,0.041644305,Low
12,20,21,985.6118469,0.756730167,295.0179746,2.030616827,1.418336546,Low
1,19,6,359.564894,0.442293805,384.4868567,0.192284133,1.309738282,Low
1,3,8,965.0219369,0.707397,214.5469896,1.788427949,1.19026326,Low
3,20,16,450.5337054,0.389230472,256.1201626,2.218743532,1.435237313,Low
11,11,10,446.9607143,0.228875462,269.9875707,0.632909672,1.649067834,Low
5,17,6,406.3483938,0.596851877,356.4851624,2.524866023,1.219063945,Low
12,27,23,587.2668466,0.928182098,398.502924,0.091061417,0.282673638,Low
3,13,13,238.7305389,0.92913952,248.134103,2.531438591,0.087669434,Low
1,11,18,598.3403368,0.341905278,374.8614668,1.380987152,2.799859072,Low
1,2,3,587.5343312,0.527677466,366.1245521,0.65276382,1.80389733,Low
8,9,5,785.7116313,0.211635899,244.9314795,0.401334435,2.630101074,Low
10,26,9,850.2849657,0.995631109,279.866516,2.859921503,0.022283,Low
11,2,6,496.3972153,0.981117908,281.9345739,0.217996763,0.045003086,Low
12,21,12,372.0999244,0.64950893,395.6441337,0.59728026,0.911348409,Low
12,9,13,333.4014076,0.80441406,236.1783803,1.043467042,0.283464965,Low
2,9,3,275.161453,0.715100161,359.8315942,1.860704547,0.557619982,Low
3,8,7,151.882824,0.593158219,266.8385428,1.634403256,0.319724291,Low
2,17,4,408.203181,0.053347997,346.1740692,0.376930477,2.313550228,Low
3,1,0,343.2229229,0.454764343,284.0022009,0.869183951,0.962781928,Low
7,25,3,969.7756473,0.674786302,315.6719526,0.716255313,1.778147985,Low
1,11,2,601.9379436,0.677531614,366.5223547,0.640628563,1.261697857,Low
10,8,8,412.5493351,0.373122618,360.833113,1.233433009,1.747133642,Low
8,10,7,622.4208409,0.941691987,373.2846367,2.112094358,0.273476795,Low
10,25,0,225.2770312,0.167357032,211.9234651,0.652358797,0.705747445,Low
10,7,5,499.6393743,0.500359446,338.4101106,1.100036639,1.562898695,Low
10,3,8,663.6108893,0.690883977,227.9974753,1.172752281,0.870911407,Low
2,3,6,540.0080486,0.697135806,283.1637136,2.929369588,0.997957081,Low
3,18,3,461.6009206,0.648638957,309.717683,2.863999071,1.0769884,Low
9,5,12,994.46355,0.275288213,280.5478969,2.400412748,4.178747235,Moderate
7,12,16,892.2832859,0.156206569,303.9223352,0.724976762,4.090219596,Moderate
4,12,1,661.0653623,0.635940327,399.3052618,0.204111942,1.634353412,Low
10,19,4,612.4396251,0.599302116,227.0434627,0.950712413,1.016905171,Low
5,6,11,658.5944318,0.17935601,335.0912091,0.800383648,3.260046649,Moderate
2,2,20,281.180897,0.705139146,279.2001933,1.5177774,0.444361145,Low
11,12,7,455.6239689,0.455171992,226.6019598,2.33318373,1.156254939,Low
8,19,5,135.5135796,0.667760592,231.7473527,2.574968817,0.218677656,Low
4,5,7,527.9914337,0.83736708,389.8546212,2.534592256,0.699353873,Low
9,12,17,588.7221256,0.169728429,375.9202993,1.079026684,3.392943765,Moderate
5,27,2,304.9747625,0.019144868,381.4083921,2.06170303,2.29359322,Low
9,27,21,967.6259624,0.779102586,398.3065552,0.938502593,1.552109013,Low
4,17,11,918.5091498,0.609697425,241.663078,0.18271663,1.470305608,Low
10,17,2,749.9289119,0.69963957,271.0878675,2.104695797,1.2319002,Low
5,10,21,580.0479659,0.838154975,333.843806,0.029482658,0.52388247,Low
9,25,5,882.9722437,0.802810935,296.760508,1.227547762,0.966873476,Low
8,23,1,217.5871094,0.960920147,283.6779067,0.988137808,0.044175802,Low
3,17,22,811.4588148,0.535935079,271.5622499,2.080132616,2.058899145,Low
1,15,11,212.3387326,0.488495633,318.7561264,2.298736418,0.709653503,Low
3,12,1,814.7895963,0.4018872,315.1186857,0.912283908,2.792975554,Low
4,16,5,348.1908114,0.153691043,232.2915668,2.434881043,1.418633044,Low
2,24,16,889.3815229,0.572607233,294.3479675,0.881750282,2.029195157,Low
1,19,2,949.6378844,0.277012524,310.6943552,1.33897908,4.031297717,Moderate
7,8,1,233.9163725,0.921307512,314.0573877,2.181055581,0.117364454,Low
8,21,22,516.4080446,0.583190804,242.0214386,2.078760688,1.048709629,Low
7,17,19,982.8886403,0.592840181,348.4542785,2.962105417,3.012585136,Moderate
5,23,7,535.0666924,0.354924661,205.039819,0.675483073,1.259194599,Low
12,5,21,877.1927703,0.051989352,270.9663711,1.986953741,4.501748547,Moderate
1,22,11,629.8583699,0.031743765,356.0425297,1.829045725,4.280884842,Moderate
7,16,3,437.7969171,0.423335144,312.7785842,2.745295363,1.677381494,Low
7,6,4,357.2052,0.084565378,252.2324865,0.469086425,1.439142046,Low
9,8,12,282.900782,0.606846956,338.9906239,2.255394491,0.770121986,Low
3,25,14,785.6183722,0.880973006,313.4781888,1.704805849,0.571843766,Low
9,18,22,447.8864561,0.882914817,359.2487219,0.823997609,0.339861163,Low
1,25,15,560.147916,0.65904541,347.0050372,1.423304742,1.261756519,Low
1,12,9,543.092932,0.211231831,322.0215844,1.001329791,2.529312223,Low
4,15,22,619.5511263,0.862996831,297.6355351,1.737940208,0.494234646,Low
9,27,15,879.0194311,0.886093435,226.6364251,2.667001832,0.479070605,Low
6,26,11,982.6654092,0.196653585,252.2666036,1.707914953,3.885944534,Moderate
11,9,16,466.8257877,0.737426086,283.8198946,1.895167255,0.689713226,Low
3,13,15,844.7670299,0.286519549,319.8598574,1.556243541,3.713164661,Moderate
1,26,11,788.0750152,0.802640312,302.741571,0.153496519,0.796824066,Low
4,15,7,616.1760563,0.9972379,257.6369052,0.698575671,0.007818564,Low
12,10,19,960.4424293,0.030026005,201.2928716,1.476005188,3.586735153,Moderate
9,16,2,280.427064,0.897365866,299.2478444,0.930705851,0.156906067,Low
3,7,15,198.3377893,0.622630534,257.1251977,0.545290793,0.338239384,Low
12,17,12,868.5657703,0.973382619,346.9216601,1.512398526,0.153891279,Low
9,23,22,495.234835,0.465009518,204.7892531,0.96842938,0.99187649,Low
7,26,18,862.2719688,0.847387931,316.9655623,0.77432293,0.749003706,Low
12,21,7,903.7811847,0.062394069,388.2948475,1.391956252,6.247299512,High
4,22,21,156.2118343,0.33527905,234.8818534,0.399852774,0.422745219,Low
3,26,4,895.1182867,0.067016538,294.3298982,2.783237199,5.236949096,Moderate
10,7,19,503.4871498,0.975343133,218.2843984,2.603106294,0.056921367,Low
5,14,7,559.3892401,0.816973907,325.1363825,2.122861757,0.672584088,Low
5,15,23,663.93326,0.852547421,310.1063361,0.318641483,0.522106032,Low
3,21,11,933.7443461,0.937965231,281.4731048,2.327631763,0.334987389,Low
12,7,0,117.204485,0.085103486,304.2754043,2.423871984,0.675598644,Low
9,9,20,529.1591215,0.385597593,379.3149317,2.303293853,2.528769711,Low
4,19,19,718.9498382,0.071034889,239.2588605,0.341897661,2.754323892,Low
11,16,5,750.4362619,0.210793102,204.5129023,1.931723871,2.408670203,Low
5,8,21,723.2791884,0.229365777,372.3329769,2.502974387,4.324619023,Moderate
4,18,17,220.9916165,0.469107211,315.4234165,1.732060204,0.723601718,Low
5,27,7,369.4560295,0.268562167,378.1316911,1.939222126,2.033330791,Low
7,23,6,422.8439729,0.100978107,319.3890447,1.375090438,2.301834186,Low
9,18,0,823.9934869,0.167491089,362.032218,1.58612196,4.79564179,Moderate
7,20,20,350.8838852,0.147275564,285.9346727,0.103130575,1.440600857,Low
5,7,15,289.6344675,0.973076798,349.9719863,1.916889066,0.05420282,Low
10,3,11,961.7032171,0.759292507,382.6082934,0.244341639,1.512230041,Low
10,18,5,107.9769566,0.967761465,314.4245927,1.305043783,0.020622622,Low
7,27,19,998.0387701,0.439740487,236.1570301,0.877965293,2.394054039,Low
10,10,1,709.139169,0.278368482,253.759523,1.636283851,2.518444434,Low
5,7,13,845.6223695,0.798293197,239.7289154,0.400249007,0.708777489,Low
3,17,3,365.1574567,0.326253918,249.3714055,2.074930206,1.234685813,Low
7,14,0,112.8837499,0.299383374,261.2830899,2.385034611,0.426549213,Low
11,24,22,764.0825667,0.232505992,311.0267574,0.490063349,3.188892635,Moderate
11,3,17,850.7301373,0.129678978,317.5983259,0.312939262,4.041854781,Moderate
2,12,12,766.4285188,0.256463061,285.2999494,0.436546448,2.828013382,Low
12,28,1,228.5652586,0.355319748,323.084156,2.631382686,1.002235748,Low
9,13,8,778.08513,0.673994208,216.3149851,1.584567785,1.05941867,Low
10,2,20,792.0305039,0.062564842,217.5576474,1.401782988,3.069580447,Moderate
10,3,1,692.6864641,0.21050694,234.3658921,0.320135457,2.204517614,Low
12,5,8,789.5043395,0.80902364,303.6154996,1.94866802,0.911646178,Low
1,11,0,861.3292957,0.146921924,242.7989357,2.603998776,3.747674645,Moderate
6,8,10,652.2437028,0.342645147,256.6568807,2.484557608,2.289731652,Low
7,26,2,179.7442426,0.864658922,280.0625672,1.878164127,0.134876956,Low
8,23,19,538.8650287,0.154925311,362.3732248,0.22583615,2.81241091,Low
10,23,22,169.8844012,0.082736836,202.7724272,0.337191082,0.544386881,Low
9,12,3,466.7887279,0.484537995,329.875764,0.147926961,1.342435753,Low
2,7,17,466.3958402,0.302419511,333.7753062,0.772437649,1.949691664,Low
11,15,22,159.4088597,0.563408364,359.7311561,0.406984401,0.434249746,Low
10,24,5,413.9384806,0.80380489,386.5505878,0.780144121,0.564031856,Low
2,17,2,199.8982889,0.137148488,204.0275698,1.155174167,0.654273157,Low
5,4,21,827.411689,0.580699085,230.7567411,2.828948352,1.711755239,Low
5,22,10,952.9192234,0.50550876,377.2342588,1.831128179,3.505102527,Moderate
6,25,14,165.0848277,0.144078786,291.7037124,2.504921357,0.859038488,Low
3,13,21,959.6036866,0.623998486,312.9181278,2.131054502,2.282756188,Low
8,18,4,570.3189394,0.273640418,332.6054407,0.337509392,2.373905792,Low
1,1,19,369.6091102,0.487834319,335.8133209,2.207761219,1.293408876,Low
6,16,9,169.1758677,0.082272324,386.3480807,0.825296645,1.082229969,Low
4,13,11,550.5618413,0.459584057,399.3898835,1.917323541,2.360254314,Low
1,10,14,815.06399,0.306463468,344.0314922,1.022885921,3.572755613,Moderate
7,12,16,736.3778295,0.822381211,257.4442418,2.99301679,0.729174614,Low
9,2,9,145.2034103,0.056978727,375.9504805,0.790654438,0.925817712,Low
4,23,5,165.6116518,0.418607275,209.8441829,0.837391412,0.364947947,Low
4,3,17,462.5859544,0.458431424,246.2161706,2.792016767,1.315074149,Low
6,10,12,365.7614446,0.725006076,379.4771435,0.073933214,0.640847156,Low
12,2,2,309.1458908,0.574287575,251.2383029,2.090066964,0.666259034,Low
3,27,23,352.904049,0.667212337,244.1302119,2.175979172,0.581832576,Low
12,23,9,823.134469,0.777049286,227.6250586,2.509135732,0.870915022,Low
6,13,13,936.3052483,0.862202974,371.8223515,2.923317932,1.033274175,Low
7,13,5,464.5924251,0.313875497,300.0116518,2.926805757,2.060407627,Low
11,18,2,915.4999019,0.538022705,334.9786406,0.195830273,2.407506099,Low
10,3,15,389.3461311,0.840108078,247.8132768,2.465517968,0.320513284,Low
10,27,6,528.7932877,0.989451131,351.6080842,1.938929801,0.03902697,Low
3,7,19,303.426098,0.889519311,352.001109,1.942026403,0.234860572,Low
7,14,13,676.428438,0.371467263,262.519605,0.38504978,1.931829684,Low
3,20,8,981.0830037,0.195166517,282.1365266,1.950561499,4.437191413,Moderate
2,17,14,643.1437864,0.489392537,241.9380555,2.947447742,1.714479664,Low
12,21,20,422.0326757,0.741641452,395.3122047,2.735455709,0.914897361,Low
10,12,2,683.0357014,0.492569071,329.1205154,1.317391982,2.151643925,Low
4,25,1,210.6286106,0.483180863,386.9087761,0.11984392,0.710374059,Low
12,16,1,899.7931722,0.838230421,260.6771087,1.08688047,0.701133243,Low
8,24,2,552.7755557,0.361403779,356.3781826,2.479170935,2.616500162,Low
9,12,17,504.4147678,0.859794675,353.1717288,2.104497304,0.503887681,Low
7,15,13,627.2783096,0.406804801,338.3311304,1.378030967,2.387347938,Low
1,25,19,662.3054765,0.328233106,393.1277951,0.165304605,2.963328791,Extreme
3,10,17,164.5982256,0.453989911,278.7110672,1.280684183,0.470938527,Low
12,25,9,714.3554991,0.762446959,226.1434647,1.407074819,0.729595369,Low
9,7,1,317.7385123,0.126002028,334.3417718,2.785666599,1.978531858,Low
12,20,21,742.5573693,0.196419216,345.8619601,1.923258311,4.101153799,Moderate
1,5,0,840.2813149,0.951444826,315.0121147,0.93495875,0.234235858,Low
9,1,3,823.5626568,0.175491627,241.3635786,1.575954793,3.16205212,Moderate
8,17,13,597.2508707,0.567727318,300.8911883,0.198165923,1.320367649,Low
1,3,0,568.1529031,0.579314467,262.4379473,2.917704707,1.35046565,Low
6,13,13,228.5883652,0.489624462,285.4933056,1.080179706,0.615085452,Low
5,14,15,797.8115354,0.644745249,329.0437152,1.433602065,1.777156315,Low
6,24,21,344.2684424,0.229826726,349.0429485,1.065851923,1.706860906,Low
10,18,13,547.0258805,0.552662268,246.4449382,2.04753519,1.210905526,Low
12,4,19,355.8466836,0.372173255,281.0650721,1.986696475,1.254463046,Low
5,18,2,220.4455267,0.66166726,253.8323142,2.145966932,0.383241976,Low
6,5,2,666.6019272,0.141223543,239.7263228,0.804429689,2.471229135,Low
5,25,8,148.8988313,0.570877417,356.677444,0.947005443,0.415807568,Low
11,16,5,773.7807107,0.185270355,381.8505389,0.375753693,4.162873645,Moderate
12,1,12,385.8281157,0.278643063,274.0464371,1.966529916,1.521196177,Low
5,21,20,100.1212237,0.2187098,350.2557849,0.119391382,0.462090442,Low
4,14,1,560.0162253,0.18283778,379.3990579,1.793047007,3.412557023,Moderate
3,15,7,142.1667177,0.825710952,369.2248421,2.609087655,0.192261073,Low
3,9,20,348.552602,0.285707568,236.5626777,2.672496445,1.243946015,Low
4,15,1,736.2788387,0.927123782,391.2583763,1.347113281,0.397032387,Low
9,17,3,156.4206595,0.969926525,275.3352881,1.377911065,0.024561274,Low
2,25,14,855.4046431,0.57126047,267.8481322,0.230907549,1.675007141,Low
9,24,3,103.4379304,0.143001123,212.4862655,2.012295076,0.377107944,Low
1,4,12,322.1414823,0.374548243,297.2347308,2.463778261,1.244051865,Low
1,12,11,766.8136505,0.797732263,221.8027231,0.733965164,0.615449262,Low
5,27,12,384.6431348,0.367390729,249.7079642,1.263902645,1.140679324,Low
6,26,13,191.7031493,0.087017218,263.3885244,2.51651801,0.961658693,Low
6,5,19,424.2105269,0.556784911,361.7652647,2.631361403,1.431929891,Low
3,5,17,343.3539577,0.845120851,375.0977301,0.729539941,0.356705082,Low
7,11,5,858.4407119,0.795926387,260.4932635,1.651711904,0.886200811,Low
9,28,10,382.0131258,0.17512314,371.7396242,0.577479452,2.065081526,Low
11,6,1,810.0392246,0.672764614,371.4461875,0.305636292,1.691164195,Low
12,7,22,902.6849303,0.220504263,352.9301901,2.733361504,5.27024209,Moderate
10,24,18,490.4356776,0.218207535,229.3390228,2.461522513,1.826296768,Low
8,14,18,918.9488295,0.874071773,338.0645694,2.280104705,0.800690901,Low
6,24,4,439.5862486,0.249668953,389.0048129,0.146298956,2.169743489,Low
12,11,18,967.6705748,0.263247347,336.5080958,2.531186378,5.010553455,Moderate
8,13,1,180.3605721,0.000653391,266.3233698,1.314132228,0.905184324,Low
12,2,9,718.3173399,0.870669034,300.1158635,1.02718537,0.512414308,Low
5,25,1,544.4326364,0.792594813,329.1450087,1.639429083,0.720993694,Low
8,7,10,448.8839249,0.627328935,302.1140817,0.274059728,0.865409248,Low
10,20,17,669.4406909,0.750265764,223.9905883,2.269939648,0.76579255,Low
12,4,23,733.4713825,0.152048567,262.4128089,1.747305231,3.19540702,Moderate
4,27,14,103.9269427,0.458323595,360.4792061,0.559770291,0.357150703,Low
10,8,8,250.2577799,0.351219387,372.2836092,0.564696599,1.064302655,Low
8,20,22,741.7414456,0.093776526,227.4600065,0.552745955,2.689101121,Low
10,22,18,699.7468722,0.486130485,390.4773505,0.171007163,2.380139312,Low
12,21,8,969.4427546,0.92073965,265.7645236,1.763395348,0.40036546,Low
2,19,2,784.9340112,0.040059119,332.4627477,2.521044533,5.227691305,Moderate
12,13,20,955.695437,0.291460913,350.3650292,0.052494642,3.9749043,Moderate
12,14,8,732.2864514,0.207540936,362.3892469,0.147013935,3.556478151,Moderate
5,10,13,368.2469878,0.238146654,389.1499404,1.71831083,2.132265666,Low
9,11,18,194.82843,0.908434552,262.5839096,2.458487056,0.097267134,Low
4,2,6,803.641477,0.468069054,371.7012909,0.980216672,2.907845508,Extreme
11,25,15,679.7342993,0.466299413,226.3373807,1.048843196,1.512024091,Low
6,26,15,143.3674112,0.760575642,341.0081813,1.789039492,0.229990949,Low
1,9,0,424.0454193,0.154492204,348.3955459,0.822638667,2.253120895,Low
9,17,3,961.1198339,0.487265354,335.5446482,0.079825098,2.777936193,Low
1,26,3,550.3610311,0.429985214,250.4629472,2.205685554,1.598410083,Low
5,3,6,489.4562224,0.596910691,374.6086294,1.876949739,1.463007592,Low
4,24,7,511.9296446,0.999557703,233.7716927,1.742267997,0.001035897,Low
12,6,16,287.9944516,0.769448894,210.7269583,2.225052387,0.285082729,Low
3,5,4,431.8364538,0.397865703,343.4929981,2.025692513,1.790149902,Low
6,5,6,432.8319304,0.827553052,295.095143,0.617645965,0.389774887,Low
2,22,19,147.1195182,0.170708363,369.819604,1.057443141,0.831516695,Low
3,15,19,790.8108657,0.030463686,276.6794282,0.378330425,3.669355761,Moderate
5,23,3,474.8539887,0.204448372,233.6557177,0.38957104,1.528450008,Low
9,17,5,839.9618981,0.340411556,367.2884385,2.028587239,4.079465402,Moderate
2,9,6,865.313201,0.510580757,309.7819263,2.575800321,2.749760243,Low
10,3,17,290.7946492,0.615129141,237.8391585,2.888197752,0.571775762,Low
8,20,4,691.618134,0.910605717,344.0767997,1.885041353,0.421386825,Low
2,26,19,525.0536237,0.50985401,302.2227277,0.55230397,1.367893476,Low
11,17,2,892.1410641,0.501275645,320.8625964,0.316951036,2.454784204,Low
5,27,6,294.1666113,0.05024301,292.1796676,2.438552915,1.692288778,Low
7,10,21,710.0318803,0.034911553,365.7417968,1.736269429,4.902283021,Moderate
8,3,13,646.97691,0.551159962,365.9125431,1.854855063,2.099436132,Low
1,18,6,365.7713298,0.438178613,341.8777644,2.344386266,1.445429907,Low
6,18,4,222.9408133,0.839180395,221.0802755,2.109831683,0.159979902,Low
1,17,21,686.4757844,0.160679585,367.7707724,2.503374759,4.415767702,Moderate
2,24,4,764.7377123,0.024971662,334.2025961,0.168641716,4.223293461,Moderate
1,3,22,384.0646094,0.449038768,339.4048332,2.24256191,1.465427752,Low
11,3,1,680.3493436,0.237478557,272.5965681,2.552558272,2.958594264,Extreme
5,6,20,455.6178169,0.049614373,375.8559112,0.858405127,2.945348807,Extreme
10,13,21,741.886195,0.724598287,345.07432,1.921341822,1.400846207,Low
9,24,5,279.2937474,0.111593,222.5180933,0.942486192,1.006939255,Low
6,15,14,901.1935024,0.6083195,281.5556069,2.873913199,2.13242374,Low
11,25,20,358.6686368,0.28104975,377.2760724,0.100270717,1.637695921,Low
11,9,9,431.007389,0.17349605,209.4393403,1.739378531,1.459761033,Low
1,4,22,152.2827569,0.379751523,392.2833239,0.499510641,0.64838669,Low
1,14,23,200.3609911,0.801445776,335.8325137,2.136660616,0.270248317,Low
2,5,6,564.2757124,0.392093577,326.2751955,0.52767085,1.963781644,Low
9,2,4,340.8334091,0.750769649,254.1118513,0.706149786,0.385167888,Low
3,11,0,851.9322032,0.125486297,249.7583577,1.483112433,3.561230226,Moderate
1,9,12,113.2240498,0.77277142,388.4116439,2.74450485,0.212258747,Low
5,24,20,441.1846438,0.236933325,259.6544908,0.635143116,1.549425865,Low
7,3,17,403.6109921,0.67739313,355.1010593,0.432720063,0.803960791,Low
6,27,12,117.3948678,0.565781555,278.6243596,2.276930496,0.290612981,Low
12,28,20,211.9315591,0.929144717,227.8508142,1.501858597,0.065589637,Low
1,9,20,472.2784074,0.387322518,202.1430595,2.735355337,1.241505535,Low
5,3,17,543.578126,0.066165189,308.8514674,0.439843671,2.727874874,Low
5,25,4,463.8607725,0.019155486,395.1557637,1.937783679,3.57707948,Moderate
6,2,12,577.8439106,0.826858561,273.8272388,0.698637438,0.48850097,Low
3,12,3,635.6185074,0.524735638,271.4384668,0.470281286,1.430903271,Low
5,10,16,108.931439,0.775244052,268.8183236,2.050288245,0.132181139,Low
7,9,2,517.6856435,0.2344256,304.1087675,1.78105386,2.36654821,Low
5,15,16,967.1493168,0.345083746,288.1329767,2.264482375,3.730527431,Moderate
5,8,10,567.1290521,0.030103872,375.9829253,0.928387729,3.766865278,Moderate
5,25,20,709.7880407,0.961492325,301.1041583,1.343914969,0.155598156,Low
10,5,19,380.6774721,0.667867907,301.5515676,1.216415029,0.712742129,Low
10,11,22,796.5922403,0.933205088,227.6743189,2.952268392,0.261509871,Low
3,27,20,795.6293337,0.265496407,396.5479082,0.87674687,4.20095612,Moderate
1,2,3,569.1664429,0.611463611,249.9945782,0.884451715,1.002898272,Low
5,24,1,978.412441,0.678499968,214.6728135,1.063644626,1.245165278,Low
9,28,19,212.9951933,0.3175497,332.6292498,1.693782244,0.942334345,Low
1,15,15,115.2528984,0.848109235,319.073274,0.756968233,0.100141084,Low
3,6,17,793.1423906,0.947161463,283.0291308,2.745869821,0.251971437,Low
4,8,7,826.4399836,0.884855118,284.4384468,0.797056695,0.487077861,Low
1,27,2,208.1865062,0.739066976,357.0127842,2.687447195,0.410098697,Low
1,5,8,339.0245497,0.27746468,239.142528,0.310425191,1.006635798,Low
8,16,19,115.797127,0.281616042,364.0506638,1.969688107,0.604154231,Low
2,26,5,363.9777497,0.96336032,329.7494228,2.720956555,0.093235019,Low
12,18,9,795.8276865,0.010284496,283.7939548,0.506248315,3.914073425,Moderate
8,6,20,566.1644749,0.716049973,291.6057233,2.90498088,1.008292851,Low
7,5,9,413.2860339,0.706246163,251.3294414,1.358650081,0.577634487,Low
10,28,12,434.5653654,0.622689541,350.4228665,2.837145325,1.229316185,Low
10,16,16,101.2182631,0.990108846,302.5749485,2.030460131,0.00607393,Low
2,13,8,369.8204748,0.311879436,264.1709085,0.90476061,1.221814751,Low
6,28,16,681.8128675,0.339971864,319.2100232,0.564907575,2.529406405,Low
6,5,23,976.7749994,0.078939403,399.1468904,0.911205139,6.530357538,High
3,13,8,862.3547443,0.442798137,287.0524559,0.279052228,2.362988491,Low
11,17,8,121.2354682,0.261048526,384.1382802,0.431603899,0.598319337,Low
2,18,0,908.7045442,0.343386702,269.003368,0.313981321,2.759085643,Low
12,8,1,804.878572,0.83457179,210.9465414,1.268830631,0.527521234,Low
1,13,15,802.3385112,0.935484514,240.8484213,2.386735129,0.257377761,Low
6,19,0,512.1961831,0.185733072,283.7390287,0.424150663,2.055945702,Low
12,26,9,458.2047637,0.372508932,243.9269857,0.3909613,1.21459496,Low
5,3,17,372.6241559,0.928630562,200.0454076,1.930286849,0.105781934,Low
11,24,7,159.1253731,0.061808461,383.0003075,0.591548946,1.009341888,Low
9,8,20,305.4118271,0.092360528,368.7758822,0.292830114,1.753659574,Low
1,2,10,321.9432715,0.162790989,348.4584463,0.500545735,1.643708735,Low
7,8,22,535.6693627,0.595212834,233.5629191,2.771194188,1.077972533,Low
5,27,1,772.6999659,0.150472271,224.0727152,2.464413758,3.055610795,Moderate
5,13,7,526.4288456,0.968076381,213.5209499,1.062193687,0.066157988,Low
2,13,21,152.0600045,0.446714527,344.8058378,1.967462302,0.578615008,Low
11,1,7,962.0108209,0.50151796,385.7615921,1.611827021,3.580121495,Moderate
3,6,16,948.4518872,0.246658616,286.1071642,2.03137279,4.099206499,Moderate
7,24,14,806.6705888,0.470960252,223.8281344,2.048013457,1.918065323,Low
6,19,16,992.1951114,0.661913633,302.4785641,1.886202045,2.010070096,Low
12,16,22,590.0340995,0.751177137,269.7663815,0.798304106,0.712786597,Low
2,8,23,966.4915152,0.753868083,274.9649849,0.117019262,1.102921746,Low
6,28,12,168.0445366,0.577891113,324.2661248,1.366700346,0.435746227,Low
2,1,18,429.1126734,0.904359775,343.7436227,2.672921654,0.297969683,Low
2,27,4,302.8431412,0.817407847,222.1207198,1.708491776,0.23968377,Low
2,27,11,276.2497757,0.757048115,207.1180462,2.497173125,0.289534742,Low
11,16,0,226.722654,0.055605522,398.8660605,2.974873029,1.846831639,Low
3,9,22,660.1722774,0.006877962,246.5456698,0.490848612,2.826289539,Low
2,13,4,803.1896702,0.212447277,210.766105,2.075332917,2.683158846,Low
4,11,7,620.4685595,0.663523594,237.9750658,2.022880721,0.995550145,Low
9,13,12,232.2664386,0.411197489,207.7915693,2.939866342,0.612861835,Low
6,25,7,830.0113929,0.402406259,278.3621789,2.956802202,2.981582972,Extreme
1,21,22,672.3592364,0.884586888,360.4803569,2.060035835,0.562257786,Low
8,10,10,449.3491355,0.895562848,268.24889,0.730844376,0.22514355,Low
12,4,0,706.717266,0.909175264,288.8366814,2.395667514,0.383019478,Low
7,27,12,333.9144813,0.313878077,335.1173547,0.321087403,1.320710636,Low
10,6,18,410.6729876,0.691055813,301.778814,2.342097913,0.787594456,Low
3,28,23,925.7372588,0.271633181,372.2891372,2.730588372,5.32617567,Moderate
1,7,2,361.4540551,0.190609833,373.207135,1.148500184,2.028738908,Low
5,5,23,522.9894413,0.184632457,201.9821391,1.891905885,1.707102195,Low
4,11,16,901.1270237,0.342107621,355.6092613,1.290428196,3.967099518,Moderate
10,13,4,736.9492152,0.42995762,292.14672,1.313295165,2.31410781,Low
8,26,19,155.9829035,0.830949171,397.7681083,0.931112667,0.191089747,Low
1,25,20,232.5727399,0.119891093,296.6464152,2.286388861,1.243389901,Low
10,19,7,107.0574317,0.734925847,397.3791891,2.808529692,0.240733955,Low
1,23,13,667.8296112,0.531454914,350.9138722,2.822252578,2.346554649,Low
12,10,3,502.9060829,0.287945343,249.7209769,0.524343855,1.568552372,Low
4,10,10,220.8473658,0.492819585,307.6789959,2.624230949,0.725113897,Low
8,11,19,962.140709,0.29994207,398.4271279,2.212294324,5.462198554,Moderate
5,21,14,576.6937516,0.596081955,371.5061216,0.758512202,1.551691717,Low
2,7,18,317.7039647,0.433843923,219.4733788,0.201853839,0.671225588,Low
6,18,6,550.543214,0.164405529,341.2743994,0.803991801,2.826986132,Low
5,4,18,711.6582995,0.116583075,269.1159172,2.73662471,3.591531845,Moderate
2,2,18,168.6152962,0.546695682,201.3964524,1.899536025,0.305293403,Low
11,14,10,347.2334335,0.902413033,280.6961938,2.163163983,0.192816941,Low
11,13,4,826.2689418,0.343957687,246.9508843,0.771457053,2.403184253,Low
11,12,4,513.6983834,0.733000107,363.7738541,2.158164467,1.011038121,Low
3,7,21,591.9194278,0.658661355,267.4661218,0.084364519,0.908268224,Low
9,2,7,489.534402,0.931554914,365.5047388,1.125964037,0.227093604,Low
7,13,9,139.5099484,0.820981017,200.1195878,1.880260046,0.098962022,Low
7,14,5,249.1748018,0.566605259,261.56383,0.438289697,0.491409493,Low
11,27,14,500.9874749,0.657030498,248.2330429,2.469010723,0.886385636,Low
6,17,15,288.2669189,0.898386467,246.7134722,0.705093896,0.128937266,Low
8,9,16,144.9811258,0.399518785,213.637324,1.956843338,0.370640874,Low
4,17,7,859.2846976,0.326794706,237.4248541,1.215591428,2.567330084,Low
8,8,7,983.0732762,0.010811084,311.109914,1.788130786,5.943916201,Extreme
4,2,8,813.8285866,0.826551074,258.2722146,0.322351658,0.627205188,Low
8,28,1,868.4064295,0.8009807,283.4789565,0.0507384,0.820702522,Low
9,24,14,317.7794173,0.104454518,275.3733761,2.728693282,1.662524032,Low
3,13,17,964.564278,0.576857381,375.180985,0.808890026,2.758599231,Low
3,3,2,277.233134,0.463981698,381.0597998,2.459031008,1.175847241,Low
11,16,16,956.2868293,0.118709096,298.5913943,2.998050901,5.451446222,Moderate
2,6,3,995.3373646,0.980568227,266.0311901,0.634293774,0.09119535,Low
10,19,3,740.5505252,0.214695887,221.3601408,0.795512224,2.316242316,Low
3,7,13,983.0293586,0.06723418,390.6805759,1.988579363,7.157764466,High
3,10,8,612.5858016,0.59484738,212.045389,2.896345904,1.131175095,Low
5,9,8,333.5876049,0.738866677,259.5300555,2.747443045,0.480321127,Low
5,2,22,493.2962971,0.032443446,259.6132402,1.50862656,2.37674889,Low
2,28,17,634.2048418,0.658717639,264.0802572,2.385330848,1.179874167,Low
12,28,9,165.7734058,0.532291876,232.8573687,0.407237559,0.313158336,Low
10,15,20,660.1089382,0.103265009,356.6322862,2.932314553,4.550146675,Moderate
6,5,3,983.0600531,0.172523877,224.4995724,2.893059702,3.924241997,Moderate
5,22,11,271.0968848,0.567974297,326.9813318,0.491186874,0.669623125,Low
6,4,7,813.3356047,0.296357614,224.7692053,0.898269374,2.336495104,Low
1,20,1,917.1089144,0.938315729,214.1071275,0.300464993,0.207937136,Low
5,4,21,949.3314335,0.818740229,381.8859007,0.815152797,1.18449797,Low
9,18,12,964.122044,0.983567207,238.0257533,2.447867368,0.078236797,Low
12,4,20,569.3136748,0.259670839,364.2500309,1.134946821,2.849134595,Low
10,27,15,979.5771172,0.969723633,308.9261742,0.265190901,0.156751924,Low
2,17,1,781.5791864,0.43123387,215.5713039,1.026676574,1.761128506,Low
1,12,10,245.5042926,0.347518795,391.0896383,2.944150003,1.351530007,Low
10,22,9,529.2100958,0.050349527,249.3922334,1.889050786,2.483537751,Low
11,17,14,746.4980578,0.052765258,371.9290691,1.248482839,4.930479114,Moderate
9,10,16,322.6062842,0.692011256,233.7620012,0.49961554,0.406446821,Low
10,22,7,676.5536652,0.457928994,370.7885764,2.958530392,2.936900791,Extreme
9,1,17,699.9404311,0.226521626,202.6457626,2.462547028,2.278779705,Low
9,22,22,246.4297694,0.613970306,302.3560913,0.844431907,0.519862105,Low
6,26,8,608.5767812,0.252858118,353.8885159,0.210206087,2.738219053,Low
8,24,7,794.4642199,0.577631754,386.9591035,0.169876672,2.200873629,Low
11,27,13,549.0060981,0.359208747,381.8404272,0.361134449,2.319699396,Low
1,18,17,110.8928051,0.823552227,363.9249739,1.742305751,0.139358526,Low
10,18,21,108.1346222,0.820696161,377.6382699,2.786290264,0.156035589,Low
4,14,19,421.3264096,0.477350398,239.8439372,1.490230284,1.011429307,Low
1,15,19,933.5746616,0.350819109,256.8368591,2.528836447,3.250361185,Moderate
8,12,20,305.8091016,0.362559797,257.793705,1.33765986,0.949586079,Low
1,4,11,670.92732,0.805714526,275.4107862,2.125750637,0.72552793,Low
3,27,18,299.8682836,0.328179483,278.6641341,2.195618212,1.141083544,Low
4,3,13,389.5029907,0.209059374,308.9110649,0.521891118,1.668901472,Low
8,20,16,863.2378806,0.084688342,231.9759527,1.083648177,3.385898477,Moderate
6,12,23,755.975298,0.466693121,338.2493328,1.91190647,2.707395879,Low
10,7,20,185.8593496,0.482132099,233.5133079,0.212089825,0.382541378,Low
12,11,2,485.8318189,0.84090871,262.0616964,1.084620563,0.374201467,Low
7,1,22,126.2527873,0.221238696,300.6690261,1.604398399,0.571748994,Low
8,6,6,532.8011319,0.380991274,359.2881123,2.988673479,2.565182729,Low
2,15,16,696.1906105,0.808405739,347.8938466,1.423600688,0.88350532,Low
10,15,11,206.6523612,0.823623611,329.1068713,2.448170271,0.248869709,Low
11,19,8,359.996445,0.384611076,231.1546521,1.296201855,0.964121393,Low
8,11,14,458.052963,0.459124023,309.4090691,2.389172168,1.582841638,Low
3,26,17,927.5779222,0.303285891,217.4893004,1.786244405,2.76100439,Low
7,23,20,993.9295139,0.932554878,275.4726354,2.659786325,0.389636576,Low
3,26,12,140.4201691,0.118643766,282.7033061,1.232827657,0.655012677,Low
7,2,20,784.9071311,0.933749423,207.9622879,1.812913259,0.212911094,Low
11,14,7,434.5516598,0.683866452,254.7976199,1.890056042,0.693649403,Low
12,2,13,453.2123676,0.531572153,391.1298935,1.252148825,1.557218968,Low
2,4,7,778.838476,0.032659061,390.7265216,0.432936131,5.118646714,Moderate
10,17,13,926.5837889,0.475596192,270.4654109,0.280678221,2.251815388,Low
6,3,6,955.8357351,0.407748105,208.6200218,0.050014652,1.978158803,Low
3,13,22,619.4103274,0.161218812,235.8189879,2.620602793,2.577120602,Low
3,9,11,421.4090434,0.656409604,278.4435587,0.709424737,0.71960958,Low
9,7,10,808.7941773,0.971150907,389.5559396,0.634520248,0.161104124,Low
7,15,21,325.9012449,0.562188811,228.2398127,2.208106201,0.662615097,Low
5,23,21,607.666626,0.714753276,352.7031687,0.960048339,1.11675172,Low
12,11,10,422.7206154,0.068450453,221.7365079,1.518134077,1.676206306,Low
10,20,21,690.9679663,0.417666996,396.2515155,0.487533196,2.786906207,Low
7,2,12,316.3590216,0.116358485,276.3232998,2.879237164,1.658107684,Low
9,15,17,272.4336512,0.612795836,355.0469078,2.5547442,0.783687867,Low
1,14,1,926.415178,0.938482158,268.5182166,2.591368869,0.321145768,Low
7,20,20,191.6233147,0.661777732,325.5337754,1.220321246,0.394548722,Low
6,22,14,555.362117,0.076803048,238.4032169,2.287083641,2.50311204,Low
10,11,19,298.7675047,0.354666205,229.2042039,0.431628466,0.768318354,Low
12,27,17,135.036967,0.550663379,387.6128279,0.025857008,0.393000305,Low
9,3,14,132.4169365,0.403207756,383.5294556,0.059918798,0.50816957,Low
1,17,18,257.6995949,0.83364401,377.493788,1.759805212,0.317183703,Low
4,12,22,880.0933191,0.814671005,325.08669,1.366184716,1.004464849,Low
9,24,23,354.2308696,0.61183102,361.6536422,1.554046047,0.957597312,Low
4,28,11,955.4132535,0.373457945,213.8073874,0.022389421,2.1378844,Low
10,21,12,623.4600637,0.255336374,266.9578084,1.268059859,2.327605119,Low
3,15,21,492.9527708,0.105874318,262.740625,2.154204484,2.345883271,Low
9,16,10,622.0799512,0.354897683,327.1290644,1.328081106,2.478557721,Low
2,5,4,565.0285467,0.413172517,271.1915547,2.196657619,1.827875358,Low
4,27,0,782.8986284,0.675822925,229.7013563,0.699056893,1.03955061,Low
6,20,23,354.2464594,0.658159824,319.2934151,2.439426013,0.801618395,Low
2,6,2,417.7453524,0.07010814,362.8767841,1.765293721,2.764106554,Low
8,19,21,904.6848723,0.395259315,276.4246989,0.632289298,2.679901892,Low
8,25,18,951.8108618,0.181778867,226.453743,0.710161428,3.148078973,Moderate
1,5,22,903.3024047,0.156812705,239.3376395,1.884091394,3.610629751,Moderate
12,3,6,477.5031946,0.82730215,247.496661,2.48981878,0.424851782,Low
3,27,11,802.3289527,0.041915217,259.9795186,1.246883346,3.746075123,Moderate
10,1,14,528.70216,0.419182876,328.5590141,0.774901287,1.811865406,Low
9,26,4,547.7858669,0.168203656,320.1890969,2.601034821,3.064004021,Moderate
5,28,14,284.2120982,0.879330216,339.2159723,2.007804875,0.232825081,Low
6,6,7,632.0172729,0.557040513,272.5003969,1.344256462,1.44239723,Low
4,15,9,267.522308,0.231380636,364.7995304,1.463700586,1.43317485,Low
10,2,15,398.4082292,0.502427287,240.8175322,0.612769404,0.844404297,Low
2,3,7,869.5271815,0.73148636,293.8081495,1.88040789,1.358292973,Low
11,17,0,286.3682283,0.958118009,360.1877443,1.076227532,0.079748349,Low
8,25,11,164.0424567,0.220446004,236.0317295,2.98693553,0.653323514,Low
11,24,4,162.1068334,0.886181772,221.9726227,1.440550546,0.078092303,Low
6,12,2,946.7060685,0.934304114,376.7367935,1.457656819,0.447441158,Low
5,18,0,556.2283942,0.916420545,268.5859326,1.697555362,0.243433203,Low
9,15,3,468.4708646,0.635414357,336.774025,2.750268009,1.222330925,Low
1,12,7,829.7907229,0.629820654,205.0697209,2.4024543,1.302083045,Low
5,16,2,852.2433351,0.403210633,338.0093777,1.353390209,3.253027643,Moderate
6,27,9,398.9719298,0.752397882,263.2202623,2.156097798,0.526815991,Low
5,8,1,724.2562517,0.531294018,211.1481707,1.758706496,1.404715491,Low
6,28,10,794.0105343,0.677438071,321.9625523,1.477101146,1.577341362,Low
6,14,9,689.1856182,0.428457904,248.1607632,0.576947318,1.723164093,Low
7,25,20,236.4355673,0.731496464,277.3614484,1.39180879,0.334310757,Low
